{"appName":"Global Currency Converter ","appIconPath":"file_00000000a0dc622fb56b495fd997b9d1_conversation_id=67fa12be-be60-8005-a18b-6d7941f6e34a&message_id=0934b744-1049-4468-ac1f-4dfe3fa801f3.png","splashPath":"file_00000000c34861f7b1cccce4e0dfea06_conversation_id=67fa12be-be60-8005-a18b-6d7941f6e34a&message_id=a003adfc-7823-4983-9e40-c3129a855dd4.png","packageName":"com.mycomapny.mywebapp","versionName":"1.0.0","versionCode":1,"isFullscreen":false,"isHideTitleBar":false,"titleBarBackgroundColor":"#3F51B5","isAllowLongClick":true,"isShowLoadingUI":true,"isAllowZoom":false,"isPCMode":false,"isAllowAutoplay":false,"homePage":"index.html","withPHPEnv":false,"PHPPort":57249,"isAllowSwipeRefresh":true,"isAllowCamera":false,"isAllowMicrophone":false,"screenRotationMethod":0}